Shipment ID,Origin,Destination,Mode,Distance_km,Weight_tons,Emissions_kgCO2,Year
S0001,Hamburg,Paris,Truck,872,46.81,3673.65,2018
S0002,Rotterdam,Zürich,Air,1089,13.24,7209.18,2016
S0003,Rotterdam,Mailand,Truck,1772,38.4,6124.03,2021
S0004,Bremen,Mailand,Rail,1214,31.31,1330.36,2016
S0005,Rotterdam,Paris,Ship,309,85.55,396.52,2019
S0006,Rotterdam,Paris,Rail,1804,33.08,2088.67,2015
S0007,Rotterdam,Zürich,Air,661,27.9,9220.95,2016
S0008,Gdańsk,München,Ship,1496,17.54,393.6,2021
S0009,Bremen,Paris,Rail,2129,95.67,7128.85,2016
S0010,Hamburg,Paris,Truck,256,29.91,689.13,2015
S0011,Hamburg,Mailand,Air,2275,32.22,36650.25,2023
S0012,Antwerp,Zürich,Air,537,65.85,17680.72,2023
S0013,Gdańsk,Berlin,Ship,542,34.44,280.0,2023
S0014,Rotterdam,Mailand,Rail,2397,36.04,3023.58,2016
S0015,Bremen,Lyon,Air,1177,10.5,6179.25,2016
S0016,Antwerp,München,Air,425,34.38,7305.75,2017
S0017,Hamburg,München,Rail,246,20.56,177.02,2020
S0018,Gdańsk,Paris,Ship,883,40.33,534.17,2019
S0019,Hamburg,Mailand,Truck,1572,81.68,11556.09,2019
S0020,Gdańsk,München,Ship,515,52.13,402.7,2023
S0021,Bremen,München,Air,883,39.93,17629.1,2019
S0022,Hamburg,Paris,Truck,1135,75.37,7699.05,2015
S0023,Hamburg,Mailand,Truck,1201,9.37,1012.8,2020
S0024,Antwerp,Berlin,Rail,344,57.52,692.54,2021
S0025,Rotterdam,Wien,Rail,1904,92.01,6131.55,2020
S0026,Bremen,Mailand,Truck,1727,16.34,2539.73,2015
S0027,Rotterdam,Berlin,Truck,1842,11.55,1914.76,2022
S0028,Bremen,Mailand,Ship,1540,13.21,305.15,2022
S0029,Hamburg,Wien,Rail,1394,58.56,2857.14,2019
S0030,Gdańsk,Berlin,Air,1708,61.21,52273.34,2022
S0031,Rotterdam,Lyon,Rail,816,5.61,160.22,2021
S0032,Hamburg,Berlin,Ship,239,95.34,341.79,2015
S0033,Antwerp,Mailand,Ship,625,24.49,229.59,2018
S0034,Antwerp,Zürich,Truck,783,72.61,5116.83,2016
S0035,Hamburg,Berlin,Air,1725,48.55,41874.38,2016
S0036,Gdańsk,München,Rail,1815,12.11,769.29,2015
S0037,Antwerp,Lyon,Rail,1169,32.71,1338.33,2020
S0038,Antwerp,Lyon,Ship,1502,48.01,1081.67,2018
S0039,Hamburg,Berlin,Rail,646,19.76,446.77,2017
S0040,Antwerp,Zürich,Ship,1865,16.47,460.75,2020
S0041,Rotterdam,Zürich,Ship,2097,30.18,949.31,2016
S0042,Hamburg,Berlin,Ship,365,25.43,139.23,2020
S0043,Rotterdam,München,Rail,1657,42.64,2472.91,2015
S0044,Bremen,Wien,Rail,327,95.45,1092.43,2022
S0045,Gdańsk,Lyon,Rail,587,48.89,1004.45,2017
S0046,Hamburg,München,Truck,1110,17.42,1740.26,2021
S0047,Bremen,Lyon,Truck,1260,92.16,10450.94,2016
S0048,Hamburg,München,Rail,2016,81.88,5777.45,2016
S0049,Bremen,München,Truck,2088,9.81,1843.5,2021
S0050,Antwerp,Zürich,Truck,1767,69.91,11117.79,2017
S0051,Bremen,Berlin,Rail,1326,31.59,1466.09,2017
S0052,Hamburg,Paris,Rail,1408,52.39,2581.78,2023
S0053,Antwerp,München,Truck,1345,41.39,5010.26,2021
S0054,Rotterdam,Lyon,Rail,2426,80.51,6836.1,2021
S0055,Bremen,Zürich,Air,1609,91.7,73772.65,2023
S0056,Bremen,Zürich,Ship,936,7.48,105.02,2018
S0057,Hamburg,Mailand,Ship,439,81.82,538.78,2022
S0058,Gdańsk,Wien,Rail,853,14.51,433.2,2018
S0059,Bremen,Paris,Truck,1098,59.69,5898.57,2021
S0060,Bremen,Mailand,Rail,921,27.47,885.5,2020
S0061,Bremen,Paris,Truck,1640,95.02,14024.95,2017
S0062,Gdańsk,Berlin,Air,2420,34.36,41575.6,2022
S0063,Hamburg,München,Truck,1152,62.16,6444.75,2015
S0064,Gdańsk,Zürich,Truck,1558,92.2,12928.28,2018
S0065,Rotterdam,Wien,Rail,1525,10.66,568.98,2017
S0066,Gdańsk,Lyon,Rail,654,85.42,1955.26,2020
S0067,Hamburg,Wien,Air,613,36.97,11331.31,2020
S0068,Rotterdam,Berlin,Air,2195,66.67,73170.32,2017
S0069,Gdańsk,Lyon,Ship,1114,68.23,1140.12,2017
S0070,Antwerp,Wien,Ship,721,21.88,236.63,2015
S0071,Gdańsk,Zürich,Truck,945,62.23,5292.66,2018
S0072,Gdańsk,München,Air,776,36.46,14146.48,2016
S0073,Rotterdam,Wien,Ship,887,65.44,870.68,2016
S0074,Bremen,Zürich,Truck,1286,24.92,2884.24,2016
S0075,Bremen,Wien,Truck,205,9.57,176.57,2022
S0076,Antwerp,Berlin,Air,2219,88.77,98490.32,2020
S0077,Gdańsk,Zürich,Truck,2163,79.93,15559.97,2018
S0078,Rotterdam,Zürich,Truck,336,33.02,998.52,2020
S0079,Bremen,München,Truck,1600,21.16,3047.04,2021
S0080,Rotterdam,Lyon,Truck,2440,94.47,20745.61,2016
S0081,Bremen,Paris,Air,326,45.98,7494.74,2017
S0082,Gdańsk,Zürich,Rail,419,14.62,214.4,2018
S0083,Rotterdam,Zürich,Ship,1353,33.25,674.81,2016
S0084,Hamburg,Zürich,Air,829,10.18,4219.61,2015
S0085,Antwerp,München,Ship,2167,23.97,779.14,2015
S0086,Rotterdam,Berlin,Ship,535,49.99,401.17,2016
S0087,Bremen,Mailand,Air,2128,51.46,54753.44,2019
S0088,Hamburg,Lyon,Air,957,40.25,19259.62,2021
S0089,Bremen,Berlin,Air,382,30.01,5731.91,2022
S0090,Bremen,Berlin,Ship,452,19.36,131.26,2016
S0091,Hamburg,Lyon,Ship,2417,44.33,1607.18,2018
S0092,Gdańsk,München,Air,2340,44.77,52380.9,2023
S0093,Antwerp,Paris,Rail,2150,33.39,2512.6,2021
S0094,Hamburg,Paris,Rail,692,95.18,2305.26,2022
S0095,Rotterdam,Berlin,Rail,989,16.99,588.11,2021
S0096,Hamburg,Lyon,Air,1027,99.74,51216.49,2017
S0097,Gdańsk,Wien,Ship,474,13.27,94.35,2023
S0098,Antwerp,Paris,Ship,1331,54.37,1085.5,2015
S0099,Gdańsk,Paris,Air,660,44.37,14642.1,2017
S0100,Gdańsk,Paris,Truck,632,58.45,3324.64,2016
S0101,Bremen,Mailand,Ship,1883,30.09,849.89,2022
S0102,Gdańsk,Paris,Air,353,21.36,3770.04,2021
S0103,Rotterdam,Paris,Air,358,42.6,7625.4,2020
S0104,Rotterdam,München,Air,1300,90.22,58643.0,2015
S0105,Bremen,Mailand,Ship,1473,31.63,698.86,2022
S0106,Hamburg,Mailand,Rail,750,33.55,880.69,2022
S0107,Bremen,Wien,Air,565,22.85,6455.12,2018
S0108,Antwerp,Lyon,Air,2315,87.38,101142.35,2015
S0109,Gdańsk,Mailand,Rail,468,34.56,566.09,2023
S0110,Antwerp,Berlin,Truck,911,23.31,1911.19,2018
S0111,Hamburg,Berlin,Truck,2069,9.8,1824.86,2020
S0112,Rotterdam,Wien,Ship,2101,52.99,1669.98,2016
S0113,Hamburg,Berlin,Ship,2202,61.43,2029.03,2017
S0114,Antwerp,Paris,Ship,1610,20.53,495.8,2019
S0115,Hamburg,Wien,Truck,1783,9.72,1559.77,2018
S0116,Rotterdam,Lyon,Rail,1046,30.56,1118.8,2021
S0117,Gdańsk,München,Truck,2141,91.59,17648.48,2017
S0118,Gdańsk,Mailand,Truck,1116,28.98,2910.75,2019
S0119,Bremen,Zürich,Air,1628,48.6,39560.4,2018
S0120,Antwerp,Wien,Air,619,5.7,1764.15,2020
S0121,Gdańsk,Lyon,Ship,1422,70.02,1493.53,2022
S0122,Hamburg,Wien,Ship,1531,86.84,1994.28,2019
S0123,Bremen,Berlin,Rail,2318,77.72,6305.42,2015
S0124,Gdańsk,Zürich,Ship,773,73.52,852.46,2022
S0125,Bremen,Wien,Air,1857,41.89,38894.86,2015
S0126,Gdańsk,Lyon,Rail,1605,74.02,4158.07,2018
S0127,Gdańsk,Lyon,Air,1668,53.19,44360.46,2017
S0128,Gdańsk,Berlin,Ship,599,49.72,446.73,2019
S0129,Gdańsk,Mailand,Rail,1574,67.17,3700.4,2018
S0130,Bremen,Berlin,Ship,1922,79.87,2302.65,2020
S0131,Bremen,Wien,Ship,2099,85.87,2703.62,2022
S0132,Hamburg,Mailand,Truck,2134,89.5,17189.37,2023
S0133,Hamburg,Mailand,Air,2370,33.34,39507.9,2015
S0134,Rotterdam,Berlin,Rail,1603,43.87,2461.33,2022
S0135,Rotterdam,Wien,Rail,531,51.32,953.78,2017
S0136,Bremen,Lyon,Truck,219,47.95,945.09,2018
S0137,Rotterdam,Paris,Rail,2205,79.6,6143.13,2016
S0138,Rotterdam,Paris,Air,1958,43.32,42410.28,2022
S0139,Antwerp,München,Truck,2386,23.94,5140.88,2020
S0140,Hamburg,Wien,Rail,273,69.29,662.07,2018
S0141,Rotterdam,Lyon,Ship,1478,17.25,382.43,2021
S0142,Gdańsk,Paris,Ship,884,11.2,148.51,2015
S0143,Bremen,Wien,Air,2331,61.66,71864.73,2020
S0144,Antwerp,Lyon,Rail,1603,99.63,5589.74,2022
S0145,Bremen,Mailand,Rail,875,95.07,2911.52,2021
S0146,Hamburg,Berlin,Rail,737,25.06,646.42,2015
S0147,Gdańsk,Paris,Rail,704,39.83,981.41,2015
S0148,Antwerp,Lyon,Ship,2390,64.2,2301.57,2015
S0149,Hamburg,Lyon,Truck,397,70.53,2520.04,2021
S0150,Antwerp,Zürich,Truck,2441,29.01,6373.21,2017
S0151,Rotterdam,Lyon,Truck,1433,44.98,5801.07,2016
S0152,Gdańsk,Wien,Rail,1915,83.91,5624.07,2016
S0153,Gdańsk,Lyon,Truck,1357,15.83,1933.32,2016
S0154,Antwerp,Berlin,Rail,1277,83.99,3753.93,2018
S0155,Bremen,Lyon,Air,1409,20.24,14259.08,2023
S0156,Antwerp,Berlin,Air,1554,27.28,21196.56,2015
S0157,Hamburg,München,Air,810,95.2,38556.0,2023
S0158,Hamburg,Lyon,Truck,1248,66.21,7436.71,2022
S0159,Bremen,Wien,Air,405,14.48,2932.2,2017
S0160,Hamburg,Mailand,Ship,1675,81.15,2038.89,2020
S0161,Antwerp,Lyon,Truck,589,85.87,4551.97,2015
S0162,Hamburg,Mailand,Rail,898,36.22,1138.39,2022
S0163,Gdańsk,Wien,Truck,1726,82.42,12803.12,2017
S0164,Hamburg,Zürich,Air,2069,30.82,31883.29,2021
S0165,Antwerp,Mailand,Air,883,15.74,6949.21,2015
S0166,Rotterdam,München,Air,2177,81.22,88407.97,2022
S0167,Rotterdam,Paris,Air,1668,63.08,52608.72,2017
S0168,Antwerp,Zürich,Truck,1884,46.87,7947.28,2016
S0169,Bremen,Lyon,Ship,250,71.93,269.74,2023
S0170,Gdańsk,Lyon,Rail,1585,54.31,3012.85,2016
S0171,Antwerp,Lyon,Rail,2173,37.85,2878.68,2021
S0172,Rotterdam,Mailand,Truck,247,66.12,1469.85,2017
S0173,Gdańsk,Mailand,Air,2230,87.59,97662.85,2016
S0174,Antwerp,Wien,Rail,1555,97.16,5287.93,2015
S0175,Gdańsk,Berlin,Air,1851,82.62,76464.81,2016
S0176,Antwerp,Zürich,Air,560,86.38,24186.4,2022
S0177,Bremen,München,Air,272,14.75,2006.0,2021
S0178,Hamburg,Paris,Truck,572,80.22,4129.73,2019
S0179,Gdańsk,Paris,Rail,2068,95.28,6896.37,2020
S0180,Hamburg,Mailand,Rail,2061,36.54,2635.81,2022
S0181,Bremen,Lyon,Air,667,14.26,4755.71,2018
S0182,Hamburg,Wien,Ship,1395,57.03,1193.35,2020
S0183,Hamburg,München,Rail,2216,18.34,1422.45,2021
S0184,Hamburg,Wien,Rail,968,16.47,558.0,2021
S0185,Rotterdam,Zürich,Rail,1584,15.24,844.91,2021
S0186,Hamburg,Lyon,Truck,2045,48.45,8917.22,2023
S0187,Rotterdam,Zürich,Truck,2372,74.94,15998.19,2023
S0188,Antwerp,Mailand,Air,2282,79.2,90367.2,2017
S0189,Gdańsk,Berlin,Rail,624,41.8,912.91,2020
S0190,Gdańsk,Zürich,Air,1216,30.99,18841.92,2020
S0191,Bremen,Zürich,Rail,765,44.21,1183.72,2023
S0192,Bremen,Mailand,Ship,2467,65.1,2409.03,2018
S0193,Rotterdam,Paris,Ship,1614,92.51,2239.67,2017
S0194,Rotterdam,Paris,Ship,672,77.27,778.88,2023
S0195,Antwerp,Paris,Air,2386,32.16,38366.88,2021
S0196,Hamburg,Paris,Truck,303,41.18,1122.98,2015
S0197,Hamburg,Berlin,Ship,859,98.44,1268.4,2019
S0198,Rotterdam,Mailand,Truck,1408,24.38,3089.43,2023
S0199,Hamburg,Wien,Air,619,63.53,19662.53,2023
S0200,Rotterdam,Lyon,Air,1173,53.54,31401.21,2019
S0201,Hamburg,Zürich,Air,1906,95.89,91383.17,2020
S0202,Gdańsk,München,Truck,1229,24.29,2686.72,2022
S0203,Rotterdam,Lyon,Ship,2438,75.15,2748.24,2018
S0204,Rotterdam,Wien,Air,926,98.43,45573.09,2016
S0205,Rotterdam,Berlin,Truck,1745,8.86,1391.46,2019
S0206,Gdańsk,Wien,Rail,859,60.48,1818.33,2019
S0207,Hamburg,Wien,Air,834,8.79,3665.43,2020
S0208,Gdańsk,München,Ship,2209,80.04,2652.13,2023
S0209,Bremen,München,Ship,2352,25.9,913.75,2017
S0210,Gdańsk,München,Rail,1903,56.59,3769.18,2021
S0211,Hamburg,Wien,Rail,1073,68.02,2554.49,2020
S0212,Bremen,Wien,Rail,2372,50.11,4160.13,2023
S0213,Hamburg,München,Ship,2025,27.83,845.34,2018
S0214,Hamburg,Lyon,Ship,1762,92.01,2431.82,2016
S0215,Antwerp,Wien,Ship,301,91.58,413.48,2020
S0216,Gdańsk,Mailand,Air,2193,9.17,10054.91,2018
S0217,Bremen,Paris,Truck,593,20.9,1115.43,2023
S0218,Gdańsk,München,Truck,1063,68.68,6570.62,2018
S0219,Antwerp,Mailand,Truck,1042,56.09,5260.12,2021
S0220,Hamburg,Lyon,Rail,297,48.63,505.51,2020
S0221,Hamburg,München,Truck,422,21.91,832.14,2019
S0222,Gdańsk,München,Rail,1259,43.73,1926.96,2022
S0223,Antwerp,Zürich,Ship,269,42.0,169.47,2016
S0224,Gdańsk,München,Truck,386,71.58,2486.69,2016
S0225,Bremen,Paris,Truck,1387,79.75,9955.19,2019
S0226,Gdańsk,München,Ship,1992,41.23,1231.95,2015
S0227,Antwerp,Berlin,Rail,758,75.94,2014.69,2023
S0228,Bremen,Lyon,Rail,1420,69.34,3446.2,2020
S0229,Hamburg,Paris,Rail,704,8.97,221.02,2021
S0230,Gdańsk,Paris,Truck,1448,24.96,3252.79,2020
S0231,Rotterdam,Zürich,Rail,859,22.48,675.86,2019
S0232,Rotterdam,München,Rail,422,85.88,1268.45,2023
S0233,Antwerp,Lyon,Truck,1390,68.81,8608.13,2019
S0234,Hamburg,Berlin,Air,1555,38.93,30268.08,2018
S0235,Hamburg,Wien,Truck,992,35.19,3141.76,2022
S0236,Bremen,Paris,Ship,824,58.73,725.9,2020
S0237,Bremen,Zürich,Rail,219,34.76,266.44,2018
S0238,Antwerp,Wien,Ship,750,69.56,782.55,2020
S0239,Antwerp,Zürich,Air,1669,78.6,65591.7,2022
S0240,Gdańsk,München,Rail,535,84.97,1591.06,2017
S0241,Gdańsk,Berlin,Ship,513,74.11,570.28,2015
S0242,Gdańsk,Lyon,Truck,1859,78.07,13061.89,2018
S0243,Hamburg,Paris,Ship,2426,89.93,3272.55,2023
S0244,Antwerp,Lyon,Rail,1698,42.29,2513.29,2019
S0245,Rotterdam,Zürich,Truck,1825,39.57,6499.37,2015
S0246,Rotterdam,Mailand,Rail,2305,18.34,1479.58,2017
S0247,Rotterdam,Paris,Rail,2180,94.22,7188.99,2015
S0248,Rotterdam,Mailand,Air,1149,10.97,6302.27,2020
S0249,Rotterdam,München,Rail,2321,91.23,7411.07,2020
S0250,Antwerp,Zürich,Air,390,8.79,1714.05,2020
S0251,Hamburg,Lyon,Ship,1278,59.97,1149.62,2017
S0252,Antwerp,Lyon,Air,1696,60.83,51583.84,2016
S0253,Gdańsk,Wien,Air,1112,54.06,30057.36,2020
S0254,Bremen,Zürich,Air,227,52.67,5978.05,2017
S0255,Antwerp,Berlin,Rail,515,53.88,971.19,2019
S0256,Rotterdam,Berlin,Rail,844,39.41,1164.17,2016
S0257,Rotterdam,Zürich,Ship,664,50.74,505.37,2022
S0258,Antwerp,Berlin,Rail,1883,7.13,469.9,2015
S0259,Rotterdam,Paris,Rail,751,64.81,1703.53,2015
S0260,Gdańsk,Berlin,Truck,881,29.53,2341.43,2017
S0261,Gdańsk,Zürich,Truck,1361,94.99,11635.33,2018
S0262,Antwerp,Paris,Air,2172,21.2,23023.2,2021
S0263,Gdańsk,Berlin,Rail,2292,30.13,2417.03,2020
S0264,Antwerp,Paris,Truck,1141,40.93,4203.1,2017
S0265,Hamburg,München,Rail,2341,86.66,7100.49,2023
S0266,Antwerp,Mailand,Rail,594,21.86,454.47,2015
S0267,Gdańsk,Paris,Truck,581,50.81,2656.85,2017
S0268,Gdańsk,Paris,Truck,1967,54.59,9664.07,2020
S0269,Hamburg,Lyon,Air,1139,94.15,53618.43,2022
S0270,Antwerp,Wien,Truck,1942,17.72,3097.1,2022
S0271,Rotterdam,Mailand,Truck,1360,61.84,7569.22,2023
S0272,Antwerp,Wien,Rail,222,72.37,562.31,2015
S0273,Gdańsk,Paris,Truck,2328,5.68,1190.07,2018
S0274,Bremen,Zürich,Ship,636,19.7,187.94,2019
S0275,Bremen,Mailand,Air,1697,63.13,53565.81,2021
S0276,Rotterdam,Zürich,Air,932,40.17,18719.22,2023
S0277,Antwerp,Wien,Ship,1610,78.55,1896.98,2021
S0278,Rotterdam,Mailand,Truck,1141,47.43,4870.59,2017
S0279,Hamburg,Berlin,Air,1586,81.08,64296.44,2015
S0280,Rotterdam,Zürich,Truck,573,83.21,4291.14,2022
S0281,Gdańsk,Zürich,Truck,462,29.99,1246.98,2020
S0282,Hamburg,Paris,Truck,1774,93.42,14915.44,2021
S0283,Gdańsk,Lyon,Ship,435,94.84,618.83,2017
S0284,Antwerp,Zürich,Truck,1026,85.8,7922.77,2023
S0285,Bremen,Berlin,Truck,2291,54.0,11134.26,2018
S0286,Gdańsk,Berlin,Truck,1673,27.73,4175.31,2015
S0287,Rotterdam,München,Ship,1836,38.55,1061.67,2021
S0288,Antwerp,Paris,Rail,2320,6.46,524.55,2016
S0289,Hamburg,Paris,Ship,2490,91.93,3433.59,2020
S0290,Bremen,Mailand,Ship,1126,62.6,1057.31,2018
S0291,Antwerp,Zürich,Truck,1269,21.63,2470.36,2023
S0292,Hamburg,Paris,Truck,2260,32.95,6702.03,2016
S0293,Gdańsk,Wien,Ship,2013,96.78,2922.27,2022
S0294,Rotterdam,Mailand,Ship,2079,69.75,2175.15,2015
S0295,Antwerp,München,Ship,476,41.35,295.24,2018
S0296,Rotterdam,Mailand,Ship,1889,95.77,2713.64,2023
S0297,Gdańsk,München,Ship,1216,32.29,588.97,2021
S0298,Bremen,München,Rail,2151,34.82,2621.42,2018
S0299,Gdańsk,Wien,Rail,978,52.4,1793.65,2018
S0300,Rotterdam,Lyon,Rail,1287,24.64,1109.91,2018
S0301,Rotterdam,Mailand,Ship,838,79.0,993.03,2016
S0302,Hamburg,Lyon,Air,227,77.6,8807.6,2023
S0303,Hamburg,Mailand,Air,1720,63.96,55005.6,2022
S0304,Gdańsk,Mailand,Ship,2210,22.37,741.57,2023
S0305,Bremen,Zürich,Rail,725,10.14,257.3,2021
S0306,Antwerp,Paris,Truck,2258,37.99,7720.33,2017
S0307,Antwerp,München,Air,1492,70.48,52578.08,2015
S0308,Rotterdam,Zürich,Truck,1532,39.35,5425.58,2019
S0309,Rotterdam,Paris,Ship,1171,30.59,537.31,2020
S0310,Bremen,Berlin,Air,1936,25.0,24200.0,2020
S0311,Bremen,Mailand,Air,1345,47.82,32158.95,2017
S0312,Gdańsk,Lyon,Rail,609,73.48,1566.23,2018
S0313,Gdańsk,Zürich,Air,1003,18.86,9458.29,2017
S0314,Antwerp,Mailand,Truck,923,45.04,3741.47,2017
S0315,Gdańsk,Paris,Ship,2193,33.5,1101.98,2023
S0316,Gdańsk,München,Air,605,70.6,21356.5,2015
S0317,Rotterdam,Mailand,Ship,2151,84.7,2732.85,2016
S0318,Antwerp,Lyon,Ship,1264,39.29,744.94,2023
S0319,Gdańsk,Mailand,Ship,1609,6.88,166.05,2016
S0320,Bremen,Mailand,Rail,2405,21.58,1816.5,2019
S0321,Bremen,Wien,Air,2030,89.52,90862.8,2021
S0322,Gdańsk,Wien,Air,793,87.48,34685.82,2020
S0323,Antwerp,Lyon,Air,492,12.52,3079.92,2020
S0324,Rotterdam,Wien,Ship,1393,72.49,1514.68,2021
S0325,Bremen,Zürich,Ship,2333,96.72,3384.72,2021
S0326,Rotterdam,Berlin,Truck,712,74.14,4750.89,2019
S0327,Hamburg,Berlin,Rail,1826,14.79,945.23,2016
S0328,Antwerp,Paris,Truck,307,78.24,2161.77,2023
S0329,Hamburg,München,Ship,836,13.01,163.15,2021
S0330,Bremen,Berlin,Rail,1363,47.1,2246.91,2017
S0331,Rotterdam,Paris,Rail,317,8.34,92.53,2020
S0332,Bremen,Mailand,Air,2113,97.62,103135.53,2023
S0333,Bremen,Paris,Air,753,97.11,36561.92,2023
S0334,Rotterdam,Paris,Air,1981,54.73,54210.06,2023
S0335,Bremen,Wien,Air,2410,26.58,32028.9,2016
S0336,Antwerp,Wien,Ship,1888,29.68,840.54,2019
S0337,Hamburg,München,Rail,1608,32.24,1814.47,2023
S0338,Hamburg,Lyon,Air,2154,33.46,36036.42,2021
S0339,Bremen,Paris,Rail,229,57.08,457.5,2018
S0340,Antwerp,Paris,Air,1816,28.74,26095.92,2021
S0341,Antwerp,Berlin,Ship,524,45.11,354.56,2018
S0342,Gdańsk,Mailand,Ship,1366,66.6,1364.63,2023
S0343,Bremen,Zürich,Rail,480,22.33,375.14,2019
S0344,Hamburg,Lyon,Air,2054,30.85,31682.95,2022
S0345,Rotterdam,Wien,Truck,823,9.72,719.96,2023
S0346,Hamburg,Berlin,Truck,1355,30.57,3728.01,2022
S0347,Hamburg,Berlin,Truck,817,6.4,470.59,2018
S0348,Bremen,Zürich,Ship,2241,99.81,3355.11,2022
S0349,Hamburg,Wien,Truck,798,10.32,741.18,2021
S0350,Hamburg,Paris,Air,943,23.26,10967.09,2019
S0351,Antwerp,Mailand,Truck,699,97.59,6139.39,2018
S0352,Antwerp,Mailand,Air,1212,75.07,45492.42,2015
S0353,Rotterdam,Zürich,Truck,2334,68.27,14340.8,2018
S0354,Antwerp,Zürich,Ship,1523,20.07,458.5,2015
S0355,Gdańsk,Paris,Truck,1237,50.72,5646.66,2019
S0356,Rotterdam,Wien,Truck,1092,97.46,9578.37,2018
S0357,Antwerp,Wien,Truck,885,80.47,6409.44,2016
S0358,Antwerp,Mailand,Rail,236,97.04,801.55,2022
S0359,Gdańsk,Berlin,Ship,566,28.63,243.07,2022
S0360,Hamburg,Lyon,Ship,445,10.68,71.29,2017
S0361,Gdańsk,Mailand,Truck,715,51.35,3304.37,2020
S0362,Gdańsk,Mailand,Ship,1996,74.65,2235.02,2015
S0363,Antwerp,Wien,Rail,1226,90.37,3877.78,2022
S0364,Antwerp,Paris,Ship,2423,71.22,2588.49,2018
S0365,Gdańsk,Berlin,Ship,1525,74.58,1706.02,2019
S0366,Gdańsk,Mailand,Rail,482,55.46,935.61,2022
S0367,Bremen,Mailand,Ship,2418,39.88,1446.45,2015
S0368,Gdańsk,Zürich,Rail,276,63.87,616.98,2020
S0369,Gdańsk,Berlin,Ship,459,67.54,465.01,2023
S0370,Antwerp,Berlin,Air,2458,19.64,24137.56,2019
S0371,Bremen,Zürich,Ship,652,14.14,138.29,2016
S0372,Hamburg,Mailand,Rail,931,87.98,2866.83,2018
S0373,Hamburg,Zürich,Rail,604,8.02,169.54,2021
S0374,Antwerp,Paris,Ship,401,39.8,239.4,2016
S0375,Hamburg,Berlin,Air,527,49.47,13035.34,2015
S0376,Bremen,Paris,Air,1711,80.45,68824.98,2015
S0377,Gdańsk,Wien,Truck,488,84.27,3701.14,2016
S0378,Rotterdam,Paris,Truck,614,73.89,4083.16,2023
S0379,Antwerp,Berlin,Rail,2355,67.4,5555.45,2017
S0380,Gdańsk,Lyon,Air,632,77.8,24584.8,2020
S0381,Antwerp,Lyon,Air,626,20.85,6526.05,2017
S0382,Gdańsk,Zürich,Ship,847,55.72,707.92,2022
S0383,Bremen,Wien,Ship,1722,44.17,1140.91,2021
S0384,Bremen,Paris,Rail,2434,25.32,2157.01,2023
S0385,Bremen,Wien,Air,2032,96.18,97718.88,2015
S0386,Hamburg,Wien,Truck,2320,17.83,3722.9,2019
S0387,Hamburg,Wien,Rail,1079,86.29,3258.74,2015
S0388,Bremen,Paris,Rail,586,8.58,175.98,2020
S0389,Rotterdam,Berlin,Ship,1703,89.51,2286.53,2018
S0390,Rotterdam,Wien,Ship,576,59.2,511.49,2018
S0391,Hamburg,Lyon,Ship,2176,21.43,699.48,2016
S0392,Gdańsk,Lyon,Ship,353,74.42,394.05,2021
S0393,Hamburg,Mailand,Truck,1569,38.05,5373.04,2021
S0394,Antwerp,Mailand,Truck,1128,76.03,7718.57,2015
S0395,Antwerp,München,Ship,2347,8.91,313.68,2023
S0396,Gdańsk,Berlin,Ship,2257,71.29,2413.52,2017
S0397,Hamburg,Lyon,Air,2025,76.52,77476.5,2023
S0398,Hamburg,Berlin,Air,1386,79.7,55232.1,2017
S0399,Rotterdam,Wien,Truck,2149,59.29,11467.28,2015
S0400,Gdańsk,Zürich,Ship,548,42.86,352.31,2021
S0401,Rotterdam,Mailand,Rail,2169,58.13,4412.94,2022
S0402,Antwerp,Lyon,Rail,2498,63.52,5553.55,2023
S0403,Rotterdam,Berlin,Truck,1290,78.79,9147.52,2020
S0404,Gdańsk,München,Truck,1894,45.24,7711.61,2020
S0405,Rotterdam,Wien,Ship,299,78.12,350.37,2017
S0406,Bremen,Paris,Air,797,46.84,18665.74,2018
S0407,Rotterdam,Lyon,Ship,838,76.98,967.64,2016
S0408,Hamburg,Lyon,Truck,1195,95.15,10233.38,2017
S0409,Bremen,München,Ship,655,33.99,333.95,2022
S0410,Hamburg,Wien,Rail,2403,25.13,2113.56,2023
S0411,Gdańsk,Mailand,Ship,2447,50.89,1867.92,2017
S0412,Hamburg,Zürich,Truck,1246,21.18,2375.13,2019
S0413,Rotterdam,Mailand,Ship,417,49.17,307.56,2015
S0414,Hamburg,Zürich,Ship,1675,87.11,2188.64,2015
S0415,Bremen,Mailand,Air,1146,98.08,56199.84,2023
S0416,Hamburg,Wien,Air,2377,13.36,15878.36,2018
S0417,Gdańsk,Zürich,Truck,362,28.5,928.53,2023
S0418,Bremen,Wien,Air,1811,75.72,68564.46,2015
S0419,Bremen,Lyon,Ship,1655,64.4,1598.73,2018
S0420,Gdańsk,Wien,Truck,1255,88.47,9992.69,2015
S0421,Gdańsk,Wien,Rail,821,37.47,1076.7,2021
S0422,Rotterdam,München,Air,2332,96.26,112239.16,2018
S0423,Antwerp,Berlin,Rail,1946,97.2,6620.29,2020
S0424,Antwerp,Paris,Rail,1046,66.98,2452.14,2023
S0425,Rotterdam,Mailand,Rail,1465,70.41,3610.27,2023
S0426,Rotterdam,Zürich,Rail,847,35.16,1042.32,2023
S0427,Gdańsk,Lyon,Truck,954,35.17,3019.7,2017
S0428,Hamburg,Mailand,Ship,1895,96.31,2737.61,2019
S0429,Antwerp,Lyon,Ship,822,79.02,974.32,2016
S0430,Rotterdam,Berlin,Truck,1293,62.53,7276.62,2018
S0431,Gdańsk,Berlin,Rail,306,39.13,419.08,2022
S0432,Rotterdam,Paris,Air,1731,22.48,19456.44,2021
S0433,Antwerp,Zürich,Rail,870,23.36,711.31,2015
S0434,Antwerp,Mailand,Truck,1305,95.27,11189.46,2018
S0435,Rotterdam,Mailand,Rail,470,21.82,358.94,2022
S0436,Gdańsk,Zürich,Ship,2074,89.32,2778.75,2021
S0437,Antwerp,Mailand,Truck,1758,73.42,11616.51,2021
S0438,Gdańsk,Lyon,Truck,2332,15.39,3230.05,2022
S0439,Hamburg,Berlin,Air,360,57.98,10436.4,2023
S0440,Hamburg,Berlin,Ship,2000,42.81,1284.3,2019
S0441,Bremen,Zürich,Rail,1930,32.97,2227.12,2015
S0442,Gdańsk,Berlin,Air,2050,13.59,13929.75,2023
S0443,Hamburg,Berlin,Rail,1810,44.29,2805.77,2022
S0444,Hamburg,Berlin,Air,1027,88.84,45619.34,2016
S0445,Bremen,Wien,Rail,706,13.66,337.54,2022
S0446,Bremen,München,Air,2295,63.15,72464.62,2017
S0447,Antwerp,Paris,Air,379,77.98,14777.21,2020
S0448,Gdańsk,Mailand,Rail,864,87.54,2647.21,2017
S0449,Hamburg,Zürich,Ship,1467,74.37,1636.51,2022
S0450,Bremen,Lyon,Rail,681,90.36,2153.73,2018
S0451,Hamburg,Paris,Ship,250,48.57,182.14,2022
S0452,Gdańsk,Mailand,Truck,2221,27.6,5516.96,2022
S0453,Antwerp,Zürich,Air,525,62.12,16306.5,2015
S0454,Rotterdam,Paris,Ship,2483,82.91,3087.98,2018
S0455,Hamburg,Berlin,Rail,425,67.06,997.52,2015
S0456,Rotterdam,Mailand,Truck,1422,36.46,4666.15,2016
S0457,Hamburg,München,Air,930,20.33,9453.45,2019
S0458,Gdańsk,Lyon,Rail,2065,76.19,5506.63,2020
S0459,Hamburg,München,Ship,1522,40.01,913.43,2021
S0460,Hamburg,Mailand,Air,2454,11.17,13705.59,2022
S0461,Rotterdam,München,Ship,1548,55.07,1278.73,2023
S0462,Rotterdam,Lyon,Rail,438,15.38,235.78,2023
S0463,Hamburg,Zürich,Ship,1949,62.84,1837.13,2020
S0464,Bremen,Paris,Ship,731,63.36,694.74,2022
S0465,Gdańsk,Lyon,Air,2217,81.76,90630.96,2018
S0466,Bremen,Berlin,Truck,684,7.28,448.16,2016
S0467,Rotterdam,Mailand,Air,1895,9.32,8830.7,2020
S0468,Gdańsk,Mailand,Rail,246,65.86,567.05,2019
S0469,Bremen,Mailand,Truck,1460,33.53,4405.84,2023
S0470,Bremen,Mailand,Truck,666,70.15,4204.79,2020
S0471,Antwerp,Lyon,Truck,919,23.43,1937.9,2020
S0472,Antwerp,Zürich,Truck,756,50.74,3452.35,2022
S0473,Gdańsk,Wien,Air,1895,93.14,88250.15,2015
S0474,Gdańsk,Wien,Ship,2474,55.91,2074.82,2018
S0475,Gdańsk,Lyon,Ship,1648,11.29,279.09,2017
S0476,Bremen,Mailand,Truck,1589,98.44,14077.9,2023
S0477,Rotterdam,Paris,Air,967,61.54,29754.59,2019
S0478,Bremen,Lyon,Truck,1312,44.32,5233.31,2022
S0479,Rotterdam,Wien,Air,1439,25.53,18368.83,2019
S0480,Rotterdam,München,Ship,353,78.89,417.72,2016
S0481,Antwerp,Paris,Truck,2176,90.97,17815.56,2017
S0482,Rotterdam,Wien,Air,2344,34.48,40410.56,2020
S0483,Rotterdam,Mailand,Truck,2314,69.29,14430.34,2017
S0484,Rotterdam,Lyon,Truck,2081,41.82,7832.47,2023
S0485,Hamburg,München,Ship,380,70.27,400.54,2016
S0486,Bremen,Zürich,Truck,622,54.45,3048.11,2019
S0487,Hamburg,Paris,Ship,1059,35.48,563.6,2018
S0488,Bremen,Wien,Ship,2006,68.76,2068.99,2019
S0489,Rotterdam,Berlin,Ship,668,6.45,64.63,2023
S0490,Gdańsk,München,Rail,2422,38.28,3245.0,2020
S0491,Bremen,Berlin,Ship,1202,21.27,383.5,2019
S0492,Gdańsk,Wien,Air,407,17.36,3532.76,2022
S0493,Hamburg,München,Air,420,13.18,2767.8,2021
S0494,Rotterdam,Lyon,Air,1656,34.68,28715.04,2018
S0495,Gdańsk,München,Air,739,13.83,5110.19,2022
S0496,Hamburg,Zürich,Ship,2106,49.7,1570.02,2018
S0497,Rotterdam,Mailand,Ship,1688,42.25,1069.77,2020
S0498,Bremen,Zürich,Air,323,11.21,1810.42,2016
S0499,Bremen,Zürich,Air,899,31.81,14298.59,2020
S0500,Gdańsk,Paris,Rail,2280,14.78,1179.44,2016
S0501,Bremen,Paris,Truck,1437,55.61,7192.04,2021
S0502,Gdańsk,Zürich,Rail,1198,57.06,2392.53,2022
S0503,Antwerp,München,Ship,1052,82.32,1299.01,2021
S0504,Antwerp,Paris,Ship,2430,70.94,2585.76,2017
S0505,Hamburg,Lyon,Air,668,61.26,20460.84,2022
S0506,Bremen,Paris,Truck,2023,21.74,3958.2,2021
S0507,Hamburg,Paris,Truck,1752,36.1,5692.25,2015
S0508,Hamburg,Berlin,Rail,200,76.92,538.44,2017
S0509,Antwerp,Paris,Ship,1797,63.48,1711.1,2022
S0510,Rotterdam,Berlin,Ship,1427,59.18,1266.75,2019
S0511,Antwerp,Lyon,Ship,565,60.36,511.55,2023
S0512,Antwerp,Mailand,Rail,1404,10.93,537.1,2023
S0513,Hamburg,München,Ship,649,86.82,845.19,2015
S0514,Rotterdam,Zürich,Air,1503,72.62,54573.93,2021
S0515,Antwerp,Zürich,Rail,910,50.11,1596.0,2018
S0516,Gdańsk,Zürich,Ship,1908,19.66,562.67,2017
S0517,Rotterdam,München,Truck,264,18.68,443.84,2022
S0518,Antwerp,Berlin,Truck,762,66.01,4526.97,2021
S0519,Antwerp,Mailand,Air,936,48.17,22543.56,2021
S0520,Gdańsk,Mailand,Air,1775,38.75,34390.62,2017
S0521,Antwerp,Paris,Truck,2240,85.45,17226.72,2018
S0522,Gdańsk,Wien,Air,2437,59.75,72805.38,2015
S0523,Hamburg,Paris,Air,1709,15.75,13458.38,2022
S0524,Hamburg,Berlin,Ship,2104,54.11,1707.71,2023
S0525,Gdańsk,München,Rail,2135,64.91,4850.4,2016
S0526,Gdańsk,Mailand,Ship,416,90.84,566.84,2023
S0527,Hamburg,Zürich,Air,2299,91.08,104696.46,2020
S0528,Antwerp,Wien,Ship,1384,20.91,434.09,2019
S0529,Gdańsk,Wien,Truck,2138,59.92,11529.81,2015
S0530,Bremen,Mailand,Truck,1374,51.05,6312.84,2017
S0531,Gdańsk,München,Ship,1232,17.59,325.06,2019
S0532,Bremen,Mailand,Ship,258,75.44,291.95,2017
S0533,Gdańsk,Lyon,Rail,2029,40.13,2849.83,2017
S0534,Bremen,Mailand,Rail,2186,22.18,1696.99,2023
S0535,Hamburg,Wien,Truck,794,61.58,4400.51,2017
S0536,Antwerp,Mailand,Air,1769,27.61,24421.04,2022
S0537,Rotterdam,Berlin,Ship,422,66.01,417.84,2016
S0538,Hamburg,Berlin,Air,1833,50.24,46044.96,2022
S0539,Gdańsk,Berlin,Air,1797,50.09,45005.87,2017
S0540,Gdańsk,Mailand,Air,248,32.44,4022.56,2022
S0541,Antwerp,Lyon,Ship,2371,69.87,2484.93,2015
S0542,Hamburg,Paris,Ship,1968,63.0,1859.76,2019
S0543,Bremen,Wien,Ship,602,29.26,264.22,2021
S0544,Antwerp,Mailand,Rail,998,54.4,1900.19,2017
S0545,Bremen,Paris,Truck,234,84.01,1769.25,2015
S0546,Antwerp,München,Truck,2026,38.39,7000.03,2019
S0547,Bremen,Berlin,Truck,297,63.84,1706.44,2015
S0548,Gdańsk,Lyon,Rail,698,72.27,1765.56,2016
S0549,Hamburg,Mailand,Rail,1739,67.36,4099.87,2017
S0550,Hamburg,Lyon,Rail,1237,32.98,1427.87,2016
S0551,Antwerp,Wien,Air,1524,29.45,22440.9,2016
S0552,Bremen,Mailand,Truck,1767,41.92,6666.54,2015
S0553,Bremen,Mailand,Ship,928,46.85,652.15,2022
S0554,Rotterdam,Paris,Air,930,66.32,30838.8,2016
S0555,Rotterdam,Paris,Air,1094,63.33,34641.51,2016
S0556,Antwerp,Lyon,Ship,623,8.31,77.66,2016
S0557,Gdańsk,Lyon,Ship,2026,6.78,206.04,2022
S0558,Rotterdam,Lyon,Truck,354,68.14,2170.94,2019
S0559,Rotterdam,Lyon,Ship,1802,59.59,1610.72,2023
S0560,Antwerp,Zürich,Air,1854,85.18,78961.86,2016
S0561,Gdańsk,Berlin,Truck,1774,95.64,15269.88,2022
S0562,Hamburg,Paris,Ship,1565,69.77,1637.85,2021
S0563,Hamburg,Lyon,Truck,1696,55.79,8515.79,2020
S0564,Hamburg,Mailand,Air,1387,66.54,46145.49,2017
S0565,Gdańsk,München,Air,982,33.39,16394.49,2021
S0566,Hamburg,Lyon,Ship,2192,13.06,429.41,2022
S0567,Rotterdam,Berlin,Truck,990,7.41,660.23,2018
S0568,Antwerp,Zürich,Truck,2414,66.12,14365.23,2022
S0569,Gdańsk,Mailand,Air,267,8.52,1137.42,2015
S0570,Bremen,Mailand,Truck,1860,16.23,2716.9,2023
S0571,Antwerp,Lyon,Rail,1154,92.86,3750.62,2015
S0572,Rotterdam,Zürich,Truck,2130,91.18,17479.21,2015
S0573,Rotterdam,Lyon,Rail,258,21.36,192.88,2015
S0574,Bremen,Mailand,Truck,2068,63.07,11738.59,2016
S0575,Hamburg,München,Air,1103,11.0,6066.5,2018
S0576,Antwerp,Wien,Air,1528,16.48,12590.72,2023
S0577,Rotterdam,Wien,Rail,386,61.34,828.7,2020
S0578,Hamburg,München,Ship,778,76.97,898.24,2017
S0579,Bremen,Paris,Rail,1996,28.15,1966.56,2015
S0580,Rotterdam,München,Air,846,6.48,2741.04,2022
S0581,Hamburg,München,Truck,934,92.98,7815.9,2019
S0582,Antwerp,Lyon,Air,719,24.59,8840.1,2019
S0583,Gdańsk,Zürich,Air,1179,94.12,55483.74,2015
S0584,Gdańsk,Berlin,Air,560,64.58,18082.4,2019
S0585,Bremen,Zürich,Truck,2484,27.39,6123.31,2016
S0586,Gdańsk,München,Ship,2410,53.22,1923.9,2022
S0587,Rotterdam,Wien,Truck,993,15.7,1403.11,2017
S0588,Antwerp,Zürich,Rail,854,68.66,2052.25,2015
S0589,Hamburg,Lyon,Ship,1367,24.91,510.78,2019
S0590,Bremen,Paris,Air,377,14.92,2812.42,2015
S0591,Gdańsk,Berlin,Rail,319,51.08,570.31,2016
S0592,Hamburg,Berlin,Air,1535,44.81,34391.68,2020
S0593,Rotterdam,Mailand,Truck,1535,26.64,3680.32,2018
S0594,Antwerp,Mailand,Rail,1738,89.68,5455.23,2016
S0595,Antwerp,Paris,Air,422,89.6,18905.6,2017
S0596,Rotterdam,Paris,Air,929,41.8,19416.1,2017
S0597,Antwerp,Lyon,Rail,1668,97.68,5702.56,2018
S0598,Bremen,Berlin,Truck,444,31.66,1265.13,2016
S0599,Antwerp,Zürich,Air,901,77.23,34792.12,2018
S0600,Bremen,Paris,Rail,896,59.92,1879.09,2023
S0601,Rotterdam,München,Air,2337,51.48,60154.38,2018
S0602,Gdańsk,Zürich,Air,1343,6.38,4284.17,2021
S0603,Rotterdam,Berlin,Ship,1978,60.05,1781.68,2017
S0604,Gdańsk,München,Air,381,8.81,1678.31,2022
S0605,Gdańsk,München,Air,2375,42.46,50421.25,2016
S0606,Antwerp,Zürich,Rail,540,58.06,1097.33,2015
S0607,Antwerp,Berlin,Rail,1668,33.1,1932.38,2016
S0608,Hamburg,Zürich,Ship,862,71.81,928.5,2015
S0609,Antwerp,Zürich,Rail,1860,22.57,1469.31,2020
S0610,Antwerp,Lyon,Truck,489,41.56,1829.06,2020
S0611,Gdańsk,München,Ship,1944,76.52,2231.32,2023
S0612,Gdańsk,Mailand,Rail,531,63.94,1188.32,2020
S0613,Hamburg,Paris,Ship,411,15.54,95.8,2020
S0614,Antwerp,Paris,Truck,1697,39.81,6080.18,2023
S0615,Hamburg,Paris,Rail,766,98.22,2633.28,2018
S0616,Gdańsk,München,Air,1059,76.55,40533.22,2018
S0617,Bremen,Wien,Ship,2262,69.62,2362.21,2019
S0618,Hamburg,München,Ship,1614,47.98,1161.6,2023
S0619,Gdańsk,Mailand,Truck,2125,72.43,13852.24,2023
S0620,Bremen,Zürich,Ship,468,22.89,160.69,2022
S0621,Hamburg,München,Air,932,32.4,15098.4,2016
S0622,Hamburg,Berlin,Ship,658,71.22,702.94,2022
S0623,Rotterdam,Mailand,Rail,2332,95.45,7790.63,2015
S0624,Bremen,Zürich,Rail,2141,37.94,2843.03,2022
S0625,Hamburg,Wien,Rail,457,7.09,113.4,2018
S0626,Gdańsk,Lyon,Ship,1886,59.98,1696.83,2020
S0627,Antwerp,Paris,Air,2075,33.89,35160.88,2017
S0628,Bremen,Berlin,Ship,1128,51.0,862.92,2019
S0629,Hamburg,Berlin,Ship,1364,48.31,988.42,2017
S0630,Gdańsk,Berlin,Ship,946,97.45,1382.82,2017
S0631,Rotterdam,Berlin,Truck,368,99.41,3292.46,2017
S0632,Antwerp,Wien,Ship,955,24.49,350.82,2015
S0633,Bremen,Wien,Rail,1727,47.6,2877.18,2017
S0634,Gdańsk,Wien,Truck,302,43.43,1180.43,2022
S0635,Rotterdam,Zürich,Ship,839,5.41,68.08,2023
S0636,Gdańsk,Wien,Ship,2141,90.12,2894.2,2017
S0637,Gdańsk,Lyon,Air,1587,70.47,55917.94,2022
S0638,Hamburg,Berlin,Truck,1461,7.36,967.77,2018
S0639,Antwerp,Wien,Truck,1536,10.23,1414.2,2018
S0640,Gdańsk,Paris,Rail,1338,23.59,1104.72,2016
S0641,Gdańsk,Mailand,Air,557,97.7,27209.45,2021
S0642,Rotterdam,Zürich,Ship,2295,94.62,3257.29,2020
S0643,Antwerp,Berlin,Air,1714,41.68,35719.76,2015
S0644,Bremen,Wien,Ship,1461,97.86,2144.6,2023
S0645,Hamburg,Berlin,Air,1902,81.35,77363.85,2019
S0646,Rotterdam,Mailand,Air,1896,18.26,17310.48,2016
S0647,Rotterdam,Berlin,Ship,2144,98.9,3180.62,2023
S0648,Bremen,München,Air,562,5.63,1582.03,2019
S0649,Antwerp,Berlin,Air,760,23.93,9093.4,2021
S0650,Bremen,Paris,Air,372,83.17,15469.62,2019
S0651,Gdańsk,Wien,Air,2490,75.29,93736.05,2018
S0652,Hamburg,Mailand,Truck,830,29.95,2237.26,2022
S0653,Hamburg,Lyon,Ship,1908,22.04,630.78,2018
S0654,Hamburg,München,Ship,2219,99.46,3310.53,2016
S0655,Gdańsk,Lyon,Ship,2168,58.73,1909.9,2019
S0656,Antwerp,Lyon,Truck,1728,53.69,8349.87,2015
S0657,Bremen,Berlin,Truck,798,35.37,2540.27,2017
S0658,Bremen,Berlin,Truck,1316,39.31,4655.88,2020
S0659,Hamburg,Wien,Ship,2369,65.7,2334.65,2016
S0660,Gdańsk,Berlin,Rail,587,61.88,1271.32,2017
S0661,Gdańsk,Wien,Ship,1433,30.79,661.83,2020
S0662,Hamburg,Paris,Ship,788,6.23,73.64,2023
S0663,Bremen,Wien,Air,1887,37.33,35220.85,2017
S0664,Hamburg,Berlin,Rail,2261,26.01,2058.3,2018
S0665,Gdańsk,Paris,Truck,1909,48.75,8375.74,2016
S0666,Hamburg,Mailand,Rail,271,50.55,479.47,2019
S0667,Bremen,Berlin,Air,2342,77.54,90799.34,2020
S0668,Rotterdam,Lyon,Ship,317,75.72,360.05,2016
S0669,Rotterdam,Berlin,Rail,1128,34.21,1350.61,2018
S0670,Rotterdam,München,Air,657,12.38,4066.83,2022
S0671,Antwerp,München,Rail,641,8.12,182.17,2023
S0672,Gdańsk,München,Air,687,91.31,31364.99,2015
S0673,Hamburg,Wien,Truck,595,79.33,4248.12,2018
S0674,Gdańsk,Berlin,Rail,1639,7.78,446.3,2017
S0675,Bremen,Paris,Ship,1642,20.25,498.76,2023
S0676,Gdańsk,Berlin,Truck,605,82.86,4511.73,2015
S0677,Gdańsk,Berlin,Rail,1354,21.32,1010.35,2023
S0678,Hamburg,Lyon,Truck,1076,92.45,8952.86,2022
S0679,Bremen,Lyon,Rail,2000,68.98,4828.6,2016
S0680,Rotterdam,Mailand,Ship,1754,45.29,1191.58,2023
S0681,Rotterdam,Zürich,Truck,1487,16.74,2240.31,2016
S0682,Gdańsk,Berlin,Air,1679,71.95,60402.03,2023
S0683,Hamburg,München,Ship,2222,15.99,532.95,2019
S0684,Antwerp,Paris,Ship,2018,26.46,800.94,2021
S0685,Bremen,Mailand,Air,973,86.39,42028.74,2022
S0686,Bremen,Berlin,Truck,2213,68.85,13712.85,2021
S0687,Antwerp,Paris,Truck,688,18.62,1152.95,2021
S0688,Gdańsk,München,Rail,465,39.55,643.68,2018
S0689,Bremen,Berlin,Air,702,27.12,9519.12,2021
S0690,Antwerp,Wien,Ship,1839,38.83,1071.13,2021
S0691,Antwerp,Paris,Ship,803,77.96,939.03,2016
S0692,Hamburg,Wien,Air,2236,26.93,30107.74,2017
S0693,Hamburg,München,Truck,479,52.32,2255.52,2015
S0694,Rotterdam,Zürich,Ship,825,33.76,417.78,2016
S0695,Hamburg,Lyon,Air,2108,24.18,25485.72,2022
S0696,Antwerp,Paris,Ship,2421,37.64,1366.9,2023
S0697,Gdańsk,München,Truck,1962,88.61,15646.75,2016
S0698,Antwerp,Zürich,Ship,1741,47.04,1228.45,2015
S0699,Hamburg,Berlin,Ship,872,51.69,676.11,2017
S0700,Bremen,Lyon,Air,2196,77.58,85182.84,2022
S0701,Gdańsk,Lyon,Air,2149,58.41,62761.54,2017
S0702,Gdańsk,München,Air,1278,52.0,33228.0,2021
S0703,Gdańsk,Lyon,Ship,1365,35.45,725.84,2015
S0704,Gdańsk,München,Rail,1700,38.14,2269.33,2015
S0705,Bremen,Zürich,Truck,1953,37.79,6642.35,2020
S0706,Antwerp,Wien,Truck,1200,28.52,3080.16,2019
S0707,Gdańsk,München,Truck,1448,15.87,2068.18,2017
S0708,Hamburg,Paris,Ship,353,48.79,258.34,2021
S0709,Gdańsk,Paris,Air,1292,6.94,4483.24,2022
S0710,Gdańsk,München,Ship,1747,59.18,1550.81,2020
S0711,Gdańsk,München,Air,609,70.63,21506.83,2018
S0712,Bremen,Zürich,Ship,882,63.41,838.91,2020
S0713,Antwerp,Berlin,Air,508,84.84,21549.36,2023
S0714,Rotterdam,Wien,Ship,394,33.25,196.51,2021
S0715,Rotterdam,Paris,Truck,588,61.23,3240.29,2019
S0716,Hamburg,Paris,Air,1949,24.93,24294.28,2016
S0717,Bremen,Paris,Ship,1973,68.03,2013.35,2020
S0718,Rotterdam,Zürich,Air,1229,64.37,39555.37,2022
S0719,Gdańsk,Berlin,Truck,2314,86.96,18110.29,2022
S0720,Rotterdam,Lyon,Air,1297,94.03,60978.46,2023
S0721,Gdańsk,Mailand,Air,445,54.62,12152.95,2020
S0722,Antwerp,Berlin,Rail,816,75.91,2167.99,2019
S0723,Antwerp,Zürich,Ship,463,65.22,452.95,2021
S0724,Bremen,Mailand,Ship,857,29.36,377.42,2018
S0725,Antwerp,Berlin,Truck,814,23.23,1701.83,2018
S0726,Bremen,Zürich,Air,2493,99.17,123615.4,2021
S0727,Hamburg,Berlin,Rail,1317,17.96,827.87,2019
S0728,Bremen,Lyon,Rail,372,96.56,1257.21,2022
S0729,Hamburg,München,Truck,1485,62.15,8306.35,2016
S0730,Antwerp,Wien,Truck,1825,94.6,15538.05,2017
S0731,Rotterdam,München,Truck,2337,68.1,14323.47,2023
S0732,Bremen,Zürich,Truck,1175,61.98,6554.38,2020
S0733,Bremen,Mailand,Air,1166,93.87,54726.21,2018
S0734,Rotterdam,München,Rail,1076,97.14,3658.29,2022
S0735,Antwerp,Wien,Truck,2208,55.68,11064.73,2016
S0736,Bremen,Paris,Air,2145,69.86,74924.85,2019
S0737,Rotterdam,Wien,Air,1706,83.03,70824.59,2015
S0738,Gdańsk,München,Truck,1181,29.03,3085.6,2021
S0739,Bremen,Lyon,Ship,699,55.82,585.27,2018
S0740,Antwerp,Zürich,Truck,1809,93.11,15159.24,2019
S0741,Bremen,München,Rail,1418,24.99,1240.25,2017
S0742,Antwerp,Lyon,Ship,1864,79.99,2236.52,2019
S0743,Hamburg,Mailand,Air,2129,75.01,79848.15,2020
S0744,Antwerp,Mailand,Truck,856,71.36,5497.57,2023
S0745,Hamburg,Wien,Air,2443,75.09,91722.43,2022
S0746,Hamburg,Mailand,Truck,952,64.86,5557.2,2017
S0747,Hamburg,Zürich,Rail,1451,34.8,1767.32,2016
S0748,Hamburg,Berlin,Rail,2315,72.79,5897.81,2017
S0749,Gdańsk,Lyon,Air,1508,47.89,36109.06,2017
S0750,Bremen,Berlin,Ship,1354,23.87,484.8,2021
S0751,Bremen,Berlin,Air,1745,94.75,82669.38,2018
S0752,Hamburg,München,Rail,564,97.54,1925.44,2018
S0753,Bremen,Lyon,Rail,403,43.1,607.93,2021
S0754,Gdańsk,Wien,Rail,564,96.01,1895.24,2017
S0755,Gdańsk,München,Truck,2353,46.34,9813.42,2022
S0756,Antwerp,München,Rail,1032,23.1,834.37,2019
S0757,Bremen,Lyon,Air,1764,17.37,15320.34,2018
S0758,Gdańsk,Berlin,Ship,975,44.74,654.32,2021
S0759,Rotterdam,München,Ship,1272,27.37,522.22,2022
S0760,Rotterdam,Wien,Air,551,5.98,1647.49,2017
S0761,Bremen,Lyon,Air,1069,72.77,38895.56,2021
S0762,Gdańsk,Wien,Truck,590,57.91,3075.02,2015
S0763,Bremen,Berlin,Air,1651,99.69,82294.1,2015
S0764,Hamburg,Wien,Air,1439,97.86,70410.27,2020
S0765,Rotterdam,Paris,Truck,934,29.73,2499.1,2023
S0766,Antwerp,Wien,Air,740,13.52,5002.4,2023
S0767,Antwerp,Berlin,Ship,678,34.76,353.51,2017
S0768,Antwerp,Mailand,Ship,1676,92.99,2337.77,2019
S0769,Bremen,Paris,Ship,2317,34.74,1207.39,2017
S0770,Bremen,Lyon,Air,819,57.79,23665.01,2022
S0771,Hamburg,Berlin,Rail,423,26.84,397.37,2015
S0772,Antwerp,Wien,Rail,2113,46.46,3435.95,2022
S0773,Hamburg,Zürich,Ship,2497,51.09,1913.58,2022
S0774,Hamburg,Mailand,Rail,706,38.21,944.17,2018
S0775,Bremen,Berlin,Rail,2283,83.14,6643.3,2018
S0776,Gdańsk,München,Rail,1905,92.44,6163.44,2018
S0777,Antwerp,Lyon,Truck,1546,7.47,1039.38,2016
S0778,Antwerp,Wien,Truck,1525,19.61,2691.47,2016
S0779,Antwerp,Mailand,Air,2059,64.69,66598.35,2019
S0780,Gdańsk,Lyon,Truck,1549,97.13,13540.89,2022
S0781,Bremen,Lyon,Rail,1065,87.01,3243.3,2019
S0782,Bremen,Mailand,Truck,489,56.98,2507.69,2021
S0783,Hamburg,Zürich,Ship,929,27.81,387.53,2021
S0784,Hamburg,München,Rail,867,41.91,1271.76,2021
S0785,Bremen,Lyon,Rail,693,33.36,809.15,2021
S0786,Bremen,Lyon,Rail,1670,68.22,3987.46,2020
S0787,Gdańsk,Berlin,Air,2024,89.11,90179.32,2022
S0788,Bremen,Paris,Air,569,76.87,21869.52,2020
S0789,Gdańsk,Berlin,Air,1944,13.83,13442.76,2023
S0790,Bremen,Zürich,Rail,835,93.41,2729.91,2023
S0791,Gdańsk,München,Ship,2117,46.55,1478.2,2022
S0792,Bremen,Berlin,Rail,1430,84.95,4251.75,2023
S0793,Antwerp,Wien,Truck,2456,12.27,2712.16,2015
S0794,Gdańsk,München,Air,1891,13.98,13218.09,2019
S0795,Bremen,Wien,Truck,2262,6.55,1333.45,2022
S0796,Rotterdam,Mailand,Rail,1809,9.3,588.83,2021
S0797,Bremen,Wien,Air,2042,64.26,65609.46,2019
S0798,Bremen,Mailand,Rail,1064,22.58,840.88,2019
S0799,Hamburg,Zürich,Truck,223,42.52,853.38,2015
S0800,Rotterdam,Lyon,Air,2084,70.72,73690.24,2022
S0801,Bremen,Paris,Ship,1817,81.44,2219.65,2016
S0802,Rotterdam,Berlin,Truck,981,15.63,1379.97,2015
S0803,Rotterdam,Mailand,Truck,1057,50.71,4824.04,2017
S0804,Rotterdam,Zürich,Rail,552,33.59,648.96,2022
S0805,Rotterdam,Zürich,Air,289,16.06,2320.67,2017
S0806,Antwerp,Zürich,Air,280,86.68,12135.2,2018
S0807,Rotterdam,Wien,Air,408,36.72,7490.88,2016
S0808,Antwerp,Zürich,Air,2470,99.91,123388.85,2015
S0809,Antwerp,Zürich,Air,2302,61.15,70383.65,2022
S0810,Rotterdam,Lyon,Truck,2363,6.81,1448.28,2020
S0811,Gdańsk,München,Ship,1908,89.47,2560.63,2016
S0812,Antwerp,Paris,Ship,2036,71.26,2176.28,2015
S0813,Rotterdam,Wien,Rail,2122,37.67,2797.75,2018
S0814,Gdańsk,Berlin,Ship,2118,17.46,554.7,2019
S0815,Antwerp,Zürich,Ship,2134,80.98,2592.17,2017
S0816,Gdańsk,Berlin,Ship,553,68.37,567.13,2017
S0817,Rotterdam,Berlin,Rail,2215,14.59,1131.09,2021
S0818,Antwerp,Wien,Rail,1057,57.9,2142.01,2015
S0819,Bremen,Wien,Ship,849,21.6,275.08,2023
S0820,Hamburg,Mailand,Truck,1583,45.91,6540.8,2018
S0821,Hamburg,Paris,Rail,2192,29.49,2262.47,2020
S0822,Bremen,Mailand,Truck,2481,30.41,6790.25,2017
S0823,Gdańsk,Paris,Truck,406,93.03,3399.32,2022
S0824,Antwerp,Mailand,Truck,633,79.26,4515.44,2016
S0825,Gdańsk,München,Truck,884,64.84,5158.67,2018
S0826,Bremen,Berlin,Ship,2008,77.39,2330.99,2022
S0827,Hamburg,Berlin,Ship,1570,82.82,1950.41,2016
S0828,Rotterdam,Zürich,Air,226,28.31,3199.03,2022
S0829,Bremen,Wien,Rail,549,30.27,581.64,2021
S0830,Bremen,Lyon,Rail,820,76.55,2196.99,2023
S0831,Antwerp,Mailand,Rail,765,81.17,2173.33,2021
S0832,Antwerp,Zürich,Ship,321,47.04,226.5,2015
S0833,Gdańsk,München,Truck,1585,34.91,4979.91,2017
S0834,Antwerp,München,Air,351,67.72,11884.86,2017
S0835,Gdańsk,München,Ship,1917,43.19,1241.93,2023
S0836,Bremen,Lyon,Ship,1609,5.75,138.78,2019
S0837,Gdańsk,Paris,Rail,1854,47.39,3075.14,2018
S0838,Gdańsk,Paris,Air,1614,89.33,72089.31,2021
S0839,Rotterdam,Wien,Truck,351,56.06,1770.94,2021
S0840,Rotterdam,Paris,Ship,1075,13.82,222.85,2023
S0841,Bremen,Paris,Ship,855,7.23,92.72,2023
S0842,Gdańsk,Wien,Rail,1444,74.02,3740.97,2023
S0843,Hamburg,Lyon,Truck,1727,29.68,4613.16,2023
S0844,Bremen,München,Truck,710,47.63,3043.56,2015
S0845,Antwerp,Wien,Rail,2384,85.23,7111.59,2018
S0846,Bremen,Wien,Ship,773,72.86,844.81,2023
S0847,Rotterdam,München,Ship,2315,60.33,2094.96,2020
S0848,Antwerp,München,Rail,1943,83.7,5692.02,2016
S0849,Hamburg,München,Air,732,50.24,18387.84,2022
S0850,Hamburg,Wien,Air,2489,54.3,67576.35,2021
S0851,Bremen,Paris,Air,1934,99.67,96380.89,2022
S0852,Antwerp,Mailand,Rail,791,53.05,1468.69,2022
S0853,Antwerp,Berlin,Truck,1070,48.27,4648.4,2015
S0854,Rotterdam,Paris,Ship,686,62.15,639.52,2021
S0855,Hamburg,München,Ship,1386,8.83,183.58,2017
S0856,Hamburg,Wien,Ship,1733,33.81,878.89,2022
S0857,Hamburg,Mailand,Rail,782,79.46,2174.82,2021
S0858,Hamburg,Wien,Ship,1083,22.39,363.73,2022
S0859,Hamburg,München,Ship,476,87.69,626.11,2021
S0860,Antwerp,Paris,Ship,2052,90.53,2786.51,2021
S0861,Antwerp,Mailand,Rail,767,52.95,1421.44,2022
S0862,Antwerp,Lyon,Air,810,87.3,35356.5,2020
S0863,Hamburg,Mailand,Air,1786,27.12,24218.16,2021
S0864,Bremen,Paris,Truck,2014,74.91,13578.19,2016
S0865,Rotterdam,Lyon,Truck,1465,58.3,7686.85,2016
S0866,Gdańsk,München,Rail,2419,59.8,5062.97,2015
S0867,Gdańsk,Paris,Rail,2149,52.75,3967.59,2015
S0868,Hamburg,Lyon,Rail,277,31.12,301.71,2018
S0869,Rotterdam,Mailand,Air,546,81.66,22293.18,2020
S0870,Antwerp,Paris,Truck,2213,86.89,17305.88,2015
S0871,Bremen,Zürich,Rail,1899,7.29,484.53,2023
S0872,Bremen,Zürich,Ship,572,15.89,136.34,2016
S0873,Gdańsk,Berlin,Ship,789,22.35,264.51,2016
S0874,Rotterdam,Wien,Air,893,10.6,4732.9,2020
S0875,Rotterdam,München,Truck,1420,42.04,5372.71,2020
S0876,Rotterdam,Zürich,Ship,1256,40.67,766.22,2016
S0877,Hamburg,Berlin,Rail,1168,51.83,2118.81,2023
S0878,Antwerp,München,Ship,448,35.24,236.81,2023
S0879,Antwerp,München,Air,318,43.71,6949.89,2018
S0880,Hamburg,Wien,Truck,1208,77.48,8423.63,2017
S0881,Bremen,Paris,Air,2026,12.97,13138.61,2023
S0882,Rotterdam,Mailand,Rail,1729,56.34,3409.42,2017
S0883,Rotterdam,Paris,Air,2473,47.92,59253.08,2015
S0884,Antwerp,Mailand,Ship,885,5.05,67.04,2022
S0885,Bremen,Paris,Ship,1757,99.93,2633.66,2018
S0886,Gdańsk,Mailand,Ship,386,20.33,117.71,2023
S0887,Gdańsk,München,Ship,567,42.55,361.89,2016
S0888,Rotterdam,Lyon,Ship,1969,25.03,739.26,2023
S0889,Bremen,Lyon,Ship,1270,98.07,1868.23,2022
S0890,Bremen,Berlin,Ship,1599,25.01,599.86,2020
S0891,Hamburg,Lyon,Rail,208,62.83,457.4,2015
S0892,Hamburg,Lyon,Rail,1892,57.8,3827.52,2022
S0893,Antwerp,Paris,Truck,517,56.17,2613.59,2022
S0894,Hamburg,Wien,Air,1666,41.74,34769.42,2015
S0895,Hamburg,Zürich,Ship,990,47.23,701.37,2018
S0896,Hamburg,Mailand,Ship,1665,23.19,579.17,2019
S0897,Rotterdam,Berlin,Air,1686,8.5,7165.5,2022
S0898,Gdańsk,Berlin,Truck,1003,98.51,8892.5,2021
S0899,Hamburg,Mailand,Ship,2249,51.93,1751.86,2023
S0900,Rotterdam,Lyon,Rail,467,60.88,995.08,2016
